insurance,active
38.936686249112,22.408423401665097
36.7965770061738,21.524406059435165
30.4828032227365,18.09623572423712
23.794909464396987,26.07589184186707
21.148103628380223,26.126615070031534
27.198738929072064,17.035035178741897
32.60913432326991,18.818257058521755
35.49638414102951,26.721829766815077
36.48464753763377,19.404221407410166
32.10511282266943,21.567667064942974
37.40353365996043,18.4880188333097
53.16262003408327,20.36976378663139
31.767411187633527,28.58518436688862
25.933678435468572,22.293499178499445
41.33854687792303,13.797994504761055
31.309132584900723,16.706446309909698
45.53956694069964,12.968930380163068
32.23398499422861,18.42824176376785
34.2065308367778,17.791520055383433
43.1819066691061,23.18148070641204
28.1735485057211,23.769550241562573
16.819638374125287,21.76171716263658
39.69458361825512,20.89018189230414
50.48668983908327,13.555640394600587
35.25871222160953,19.808564226402524
37.58478172211832,15.817315259267502
31.918469257157856,18.62095777390868
45.213976524060556,22.177614330792956
41.43472928502779,22.256134102967977
26.654837935984,26.820636716602486
40.168350986730495,23.322800509199077
38.351895858296515,19.88535023530105
26.199738269923785,23.622679118691778
36.064876656706396,21.096452110328418
30.80444946868167,17.868312246824097
18.654107430468812,21.470308303027085
36.99672996021033,20.965594704716267
30.703396025298716,14.966509095805364
35.462416736287295,16.38441275046283
38.55598895754501,18.704350248405895
26.692854153270492,15.00053352007904
21.04250915545458,14.817407898687641
25.05737898100285,23.92323583074873
30.08148313780957,9.692387480223019
32.350613305246426,20.830745996015686
42.870296540655474,23.513522750114277
36.89196841008723,20.094900044052594
49.654317877135135,18.468143262835987
30.656422939523175,22.22868128235109
44.662188487597476,23.555630525133143
36.31111738350852,26.078688499919863
42.046546980022804,15.817695302769987
43.61230090900723,14.016526471104484
30.883600073727422,20.207491149557114
39.4052645509054,24.851432673046542
41.47392052949312,20.827691580986404
25.564474438411096,18.351534025516905
44.17105329504688,18.906882826627736
32.43061744499856,17.819141399133347
43.9917435872639,25.272563472420334
46.024010624904335,29.391114892021726
31.611635553070183,18.82906195300777
26.945231665441618,23.34247376148663
48.76906240693509,26.476880684014176
28.332795906504522,20.6898347906368
26.223190372702767,23.439177784357653
38.87257399812946,18.696512962052182
40.113635412377846,21.625499832339997
39.433769039910146,17.748624440548184
37.976204186818514,12.54536678155339
53.84058009473823,14.573947681123025
34.90583113634615,18.293130326982876
29.750793528855215,25.38842888865279
27.325729173621404,26.392039638621156
24.29639039885616,22.129529962616065
34.68827465175638,23.131491508252875
29.58260212387741,16.853732782635547
34.65708340292663,10.426869648500944
29.688325716382565,19.989101604515
48.36975553972309,19.385511942918754
42.561648657182666,19.400199499152272
33.19807744259221,15.113511356279407
44.98847184685721,14.43709262195555
47.11354694723008,18.478148215201706
36.52700423650846,22.184826156976953
37.834989333208334,25.48732493133158
37.52619422489765,17.366701804754758
39.747435467805104,20.908923415042707
32.7192452502701,24.966899705628393
29.86623289218248,15.056897145458246
49.30960821509282,20.518360895664106
31.228722244823807,21.106956269433788
37.116335403288716,20.53990819488739
36.42738027330938,24.94957136835196
39.51530738114114,13.819426545823156
16.416952724875863,22.667151446279597
17.104250035760586,20.013366724766158
24.517744370800514,20.752572757741056
24.333194298928504,20.937409559975414
10.128389831705103,29.354552045242553
46.910056305743225,18.493510843136967
34.059893218307025,15.672264750793452
32.6718350723595,13.270425929767459
22.803063793186844,13.994150580331237
36.00341243918742,16.207994656040707
19.615465403920304,30.85718683996998
24.378383831084918,17.653313161517538
50.79001130760743,24.18119305417793
40.891642628132956,13.586533519865371
47.529048547119736,24.943821341878703
37.05375425256841,18.59536485237226
33.7507791539132,15.605560249728402
20.942312020791157,17.064411244794723
28.51709929193598,19.515628057885408
41.165104235279266,14.32477165393191
59.35536705867105,24.595775126584293
34.5448828772477,21.627302639563116
25.764624424218994,29.515999683395933
34.26629804419468,19.0759420646131
18.04127785852821,21.117777745655076
20.52200006164187,19.28336800078432
47.822692694485625,20.387181379901858
27.462403525672876,23.122920884177994
28.203635940047178,21.15253671785954
38.52809295258213,23.806167392222875
41.372342506111,25.030809657162337
33.99950297205345,20.648614275861952
31.2769345335511,28.248068621170482
38.55428275994511,20.544998635879868
31.936732226956355,18.21121061887684
35.3756293867156,17.691803054614063
34.29153664661621,15.919543785779219
39.37509159711857,17.894208054377078
29.88564195503333,22.71993827813455
28.411960347412048,22.31904932517825
36.829913920208746,13.317064019001238
28.18213383650476,19.140126362218567
27.52538109633822,18.50891298618853
58.47292299930492,17.23003320479404
36.18334094290667,15.510713273756355
37.84950416589136,21.13215271804915
32.74525155195954,23.37257975562642
28.57181930631953,20.07978869218951
34.30808849890843,22.63493887105966
27.989141713774018,22.790044284111985
42.941593803025846,22.415996364055008
36.77535963515961,12.818907256907112
30.40647109832984,28.463995371758685
46.71466626404455,26.395333979488157
43.39926155611893,17.80899477704169
31.388288910629385,24.81039588421666
38.06906710636662,20.12925455440639
41.49752834316665,23.920306823266642
36.078358312984925,13.648192319741614
30.083031524767073,16.4994221315252
9.708544902078263,16.73651611136131
39.482914959391536,19.538965167892606
55.027016815227256,17.245992751536328
22.349873974693892,22.76685225231204
35.01115011914342,25.156694074293593
30.8693774074465,16.35915808047778
28.251107065369567,28.1571355540955
43.81166595126209,16.76298754771927
17.041764586987163,16.40739305839074
39.5303006346592,23.346215437836193
30.97100014766987,16.86763707779687
56.975363936565856,25.223714157747764
39.53041866378785,20.251341666596296
44.84075772115139,14.497866011953935
19.67833418702113,19.103322185709928
47.09057253498776,22.55561829211637
22.508672547117936,17.60005890776334
41.759973513408625,14.218752964987381
34.906855324110495,14.129553262575602
39.854906704603074,16.66977466851698
17.113081816458283,20.96146134043829
39.120206325245846,24.51185198353472
38.897217371527496,21.315694997448333
33.59840478364124,18.51198006440314
38.65143204807045,24.95173333399498
47.86256818919161,19.51413305648175
38.90064512769141,21.2776159827949
36.64752697343981,21.88994374844551
22.46354500062042,18.034180584463876
30.277477023577283,11.217096227216457
41.82640853131481,27.305691945886416
35.92056798154725,23.233474390450848
34.460797013963465,19.939965555267158
57.75307959435251,17.551035317618325
45.58317798674825,25.340298592027473
36.02135651954231,19.258404766798108
37.36357893989617,19.501013635778428
42.79473254585424,15.130684709922335
31.19338408988274,20.786048904261797
39.60659603125215,30.511866681101658
30.460049766788988,22.812871865813936
29.46328890248563,24.646118878528267
25.12820103082671,16.53684395734327
45.74863275079362,22.659618913233025
47.4491160105013,20.672608999703556
45.214965816208824,19.790751379112372
33.27229803567667,22.876078597435587
37.23324441882609,23.330525634935423
40.40241145844079,16.25999468613633
42.00132332579535,16.368677757376396
24.628338859608313,24.65397011924447
46.977311507847354,18.722422246467218
37.792743390608166,18.418657408503798
55.588457906880244,21.780817726547347
36.15974224723198,18.377785174964654
49.22179671316915,20.712830166916717
38.10877735567932,18.71379126548046
38.00109435438647,21.941087677637682
37.23147341524425,25.141616225466045
59.98164186109203,26.123421875164194
35.01309397194923,28.997123771161604
44.96113798145788,14.469096345065903
23.268714767042745,28.222659895337806
40.0969603904435,17.14098476091675
22.126608615929833,20.328341277591008
45.73657466442674,20.456711870726373
30.633099001566244,23.157312253654474
38.30558784221927,26.23961099801668
34.55123144771777,12.89336777310626
34.99801892137208,18.152143444637996
36.018938850408844,17.521696431007314
34.088271478753455,23.232881423916915
39.772692176315374,24.08951850988381
10.895866719882125,15.751175555631804
9.152155084444807,17.831488693170463
50.70224497302735,17.324738180832032
20.521028356608895,25.558393374893935
30.512512298594586,14.913960815230412
15.010625790164823,21.911785677897445
55.56603123201336,16.473336450436523
28.968399253928517,20.62997565598119
40.26544576390609,22.96793763525664
34.75504963668738,16.885941979668715
36.602999185819044,20.567745910634073
39.5419167494194,18.870769695008917
30.439855737630594,21.576955614227117
27.388373566238492,15.489792000589018
40.22226902457781,21.378916778906184
43.798165599963184,29.01743243078632
19.762986861491207,19.399021577243044
32.519117471115415,17.27788950992835
41.098687209049274,22.94119020346642
29.15470766856847,19.27369843259238
29.381134826176037,15.198504958605685
14.329473402032193,15.969553073366443
44.02949198461922,19.226865112649477
51.23714658178188,19.49161188720263
34.980044566110045,21.963893468234865
39.05764986242859,15.19838967877988
59.40692468370002,19.073084243810538
44.15256080972029,13.218822669177257
26.38449979597042,15.856683048307808
19.652050512212767,12.305237551833873
33.8963818743381,27.241908994632887
24.233486900306204,22.219039710041926
51.51208860575166,16.021600646862588
39.55581625629123,18.534467183908774
45.76746618781459,22.93518718186027
34.194046739951865,19.226026820301897
41.1696126999889,24.405888085904657
32.83635384014903,20.720692649455295
30.690260013380783,22.370010960499876
35.32412242394751,24.68533481667709
21.301127374621352,23.129984563814805
33.836556992709816,20.95637181631616
43.339790044911794,21.617245684646072
24.34559608182463,20.853527987455585
24.411154913944245,17.69922867377192
45.13709482067419,21.707183263173256
37.57949755482524,18.63127262788952
49.542976205813915,17.739722808552784
24.975209895713313,20.806536705918028
37.00490611644796,18.16849312210146
34.8930355268691,20.40709049726494
46.86711662098745,19.030158912699896
58.258479277683506,22.955423227554654
39.031122110158975,29.271243849029396
15.716765028333922,17.25974768918483
36.801890813662546,20.25059459688545
32.64496307821318,20.417575434060964
40.95969675317396,16.77903269911452
35.88028294680158,22.48857688168208
42.43147203384824,21.47845914806819
42.00125160734012,29.8320600392179
45.93614875560454,19.92718614568006
43.8683321883144,27.78721588512261
46.34821822171968,22.227526145909337
40.3293322518483,23.961335302524027
36.91549138560906,29.60723188517329
35.68979277465283,24.00868168076523
28.247726204365733,17.84605920220078
60.48606238360796,18.809997976273934
41.45504233374475,14.240446775790627
38.48704386022059,15.286035849556209
29.740408458112476,21.191245833643354
33.455928827579065,17.165412873814365
41.403749314504694,23.54169206270614
42.6963461890486,23.43056959464465
37.015627227334335,17.925494870405814
31.40489063069558,21.654823194447857
39.13299709497841,17.741996597503935
29.722860550201275,16.625980136537727
24.17618196546545,19.19420616552062
27.672918884275187,16.362213937355552
28.398870866328345,24.499251619357658
32.144867074821946,25.30077602066515
36.20656145319626,16.492562654186784
16.349044501343585,21.110995937246525
37.99517434692524,20.788298916373428
37.67823893736224,25.717514044788118
33.986132718829296,17.13788335467034
28.704054000736253,26.349169724087137
33.842723859153935,8.349341497371581
38.597990253350176,19.315764051982253
26.21652251091551,14.818122886964229
24.513366035720942,20.595289449885996
41.95460223121889,21.40754739790527
43.07272350781766,21.761444877679857
52.721385230686586,19.684254470037878
44.30966323642724,17.301887135508593
44.97878440614292,26.456060935957964
34.885227593563954,19.15857595360916
19.39320134928944,21.52800181209912
46.077021833615476,12.183889264960019
16.320091091812497,17.346034025131488
58.09616174577229,22.850421860427673
40.12536664540062,20.214003520671213
26.375171221244898,21.0437733249899
45.15056410872407,15.776123696589913
36.12834528968468,26.51155346831149
32.83724891767535,10.979666307750232
42.78792998783276,15.514062772709671
39.92765919217707,22.04638452775599
10.114638218309276,21.45235205003749
32.22108805427099,21.975839818401237
57.524906696504424,16.17397313808289
32.934089973196585,15.811912293787817
27.651263827412777,21.955868547790566
43.23259178748568,15.92515070568319
39.667686176720565,18.60690820265664
40.55935815000865,15.89450584299429
32.43830737992162,14.67843944739078
32.42874677721909,21.927556841568666
60.756517844613555,18.380474562360845
30.17552010765594,21.560328251294706
39.52659176539469,23.84931902420815
36.51903097885362,11.59028477410219
34.76144325552257,18.362202524025633
50.36446254477299,22.460258197710946
49.89506179158404,24.705285983222833
36.735679247250275,25.2021680509377
36.03108332516663,18.163534121194907
13.38597958294847,18.314995306576613
42.85545835193341,27.600288048802902
46.709424159407526,13.901092394244358
57.46929995322549,22.2289912165953
40.15727766925026,22.21307614306962
49.892424627607106,30.515900528323165
43.32094651638732,20.92411223167306
51.4997945502017,16.298080249244183
37.62602399994258,20.506161428234073
42.12814987749148,21.140274883116597
30.54407986792006,22.954539308950253
27.43085428027596,21.592745441061414
34.328714161281255,14.751532773988343
32.64078937751084,19.37628866655617
46.03508967459935,24.31572726537408
38.94670910831571,18.24266174175798
43.761643507228,18.145654735095057
56.50368910591406,21.623132329252122
35.98262902063417,14.12006990205754
37.88657036245667,16.882147147399095
36.07911300309621,23.54437105996773
24.74052721687162,24.300467746725282
39.48148190114001,16.06316337592173
22.83956650873553,26.475251434207316
31.706620134168784,15.114465961645259
31.173858260988013,24.670304360542225
40.74558890907909,9.939638359242341
45.29702163748574,12.894468285290479
46.09502907177582,22.184259057268832
49.17601395038789,19.962029085717468
39.410465466793966,21.590443732863967
32.10030528641157,23.819904001831773
25.710823462794743,22.50169946733628
21.966862834947385,13.243689993320464
33.31649632898804,23.2754194919301
25.533858794986344,20.004906626498883
35.5985882901123,20.438028297704616
36.084392441573726,22.315717090580236
16.16571463175405,18.419464177949575
35.99775610390284,28.34302390779867
53.596442984992315,25.548564137368096
27.048017243486065,22.371679354656564
40.7186942041708,17.111388567520663
39.65905400428802,19.734838575222142
42.366269276361855,19.969991407503
32.68846168669508,21.11344984197662
34.13181760604978,22.019005838810745
42.97387425368619,26.03614535501361
37.42774852789141,15.368810386382284
28.60344940870416,17.29635563036114
28.411212734255265,24.625030986115522
29.689073873282915,28.86742361855717
38.39101832550935,27.962863436990595
41.25422608579772,19.40428892945883
15.534474876351311,21.163216636496756
21.977762065613824,21.651464948225588
38.43790774972335,17.087989200075945
47.42756020883632,25.57393434042569
32.15788052433034,20.488048442589808
37.495517180992735,24.575408692387875
41.468182270158984,21.25456346419816
33.48969985538183,22.945248072111816
27.758628230936736,15.55203356274621
32.99731665648342,22.472520588082226
46.5179350599862,19.280284065284498
46.53406085988781,21.746784404149256
35.706004411530905,19.714550449835862
30.104681925955752,13.58918487786673
31.205905724968233,21.31157750099092
36.06979052853827,21.298011634226633
20.431397661868175,17.99888387069373
47.16111663474862,22.199873069301383
33.17989900021885,15.142123242644242
42.3187536248599,17.74256407338386
37.66399165439806,13.565974369768126
34.773531056609514,16.485616724727993
34.47060249872398,22.442181826417865
35.80492867641772,21.386437014083853
33.862423453574465,24.79664365610192
30.318235825243747,20.668941079745913
28.040259792878473,14.610630174387069
42.419403701786294,18.05555997453088
22.737642538729055,14.69141043726638
34.29949160044745,27.371439493652073
26.185132572755986,24.0281305492849
50.01596844679656,19.563918177432008
31.184372801456036,23.96589195697256
10.062929388127312,22.575029531944338
40.71375946058839,14.416126633360134
19.10917021480531,22.81776617825831
30.143191197793413,22.074808187375268
41.03568472825483,14.07985359797663
26.409775138454663,22.73810894096038
24.05493223296827,20.953867779348027
39.872754827337204,12.046550244064694
24.90162615994257,14.949978260296055
35.302378585514376,22.96100890384281
44.98217859884818,24.403652227344924
31.040522774231462,22.68536086388328
37.3422591428218,20.234920600482443
36.04724550250182,13.400658769663124
52.90842308584392,13.778657840433924
39.48005292312033,16.49645085178848
32.82134642267101,23.009508970680344
44.01353540120928,23.240845162164604
20.545297763360622,18.569013925656407
33.930015064433974,18.730708483432892
28.30253645778618,21.721763972803345
48.25653602885441,21.065397426564616
31.122932956032713,13.923961508825474
29.32330600942771,24.693390368018473
39.13473939263164,16.35141311533009
33.36052295436164,21.060942712759783
54.19730273606885,30.368398498114068
51.59357972219303,22.760080961053102
41.171870087064676,19.185514008237412
32.79194058711097,21.826061384676386
38.87795630262683,11.714891347640592
32.948917662021955,17.875262685571844
31.122325508294786,18.531265606450525
13.093334413650336,12.873626446750112
47.89937225735445,13.058295545322709
46.146149588048665,22.395593961940115
54.40997570175888,21.494324301541532
29.612056768867127,23.312528411155455
25.76069412887491,19.264159364538052
38.14061976792857,29.696364801248716
29.869026457277783,17.92825971726888
31.388900653149435,22.641781834853372
31.615087025104522,20.363501496098905
44.59961931088162,22.009239031135372
38.23756888727337,12.869004152063724
34.819148674047256,19.611854494187682
43.09504292565471,24.34172525429102
47.0221691780083,27.338272088947075
19.932113153870347,12.293355126615099
35.80656922858903,22.960050351995925
23.750918009398493,18.50315095548899
58.78527813666132,25.040524570129534
27.01442205956845,14.782726893510603
20.510694712356692,11.32044918056489
33.82024679952166,19.66276639648453
36.44448279033326,23.79546184295524
40.1759581864082,16.44786645307859
24.04185977687324,16.10777818254613
36.79469954975055,19.93531713212176
35.21383293917123,14.471712564366715
40.502705802332514,19.316306016925747
42.04516459822156,18.94255949812942
46.54949749686247,20.10858293426674
26.573117710542476,14.180378793990272
37.92506012149932,24.58850761273362
19.68071918081694,16.79478174333124
35.47416241610124,17.282224430026027
41.17551748240193,15.35575351322731
33.03629494312147,17.67241725939416
26.36151299465683,20.66946161234295
27.65575096432046,24.72261188127052
61.32229025977529,22.432511388536224
31.437445078895653,24.530192135885642
51.6740811320758,22.28565126853487
33.303119277481635,24.27385940852968
51.114489428146975,17.777309037261794
19.375071133019595,21.271289081527534
30.88353065496362,17.170647596726145
35.74701016253776,23.105615372245992
38.46851901746107,16.63506708863877
41.65575807343511,21.431696471116656
35.1085150136221,18.62245897493991
25.409979714607328,21.916115253190576
25.086402356499377,20.43880355775387
30.71731238732108,18.500374839654867
33.740629633864494,14.462383658697169
39.97177909712614,17.247613295993773
17.54241263628384,25.466677574006013
28.555109633272437,21.976798076775864
34.259351866329254,18.965984178320575
37.12597313933654,24.147602502366006
21.854692082419604,16.777074878949307
33.370972673033215,16.81911514580324
30.611460760623444,12.846036955697755
31.556888255779185,21.382466651608965
30.71282545922442,12.674441942733164
52.382229709209916,14.840466959502601
25.954037060616614,16.22095720335198
31.157381874342633,28.825819730844895
27.169953039136395,25.667213197817546
37.340125853817774,18.983861658705074
27.915673229248505,15.419357237876184
44.26133581736272,24.006003485366328
36.333462174238676,20.77274682487245
44.66550549476211,18.568410808050672
35.58451723843561,20.086665648324473
39.529024763062786,25.541775311720528
41.73342602516172,21.882869233182156
13.160086654063686,18.62619408258548
12.93470045767259,21.31851813955469
37.36448378349547,23.580380309776018
18.01355291900434,24.335500254371276
39.57069970841812,15.184871822561897
40.445192439836404,12.937640892741758
50.49831726007457,21.353630950967684
23.38073588411588,17.563475575386768
38.184280247837975,20.862626625393855
33.33153382695011,21.211118246370155
40.99854409057346,15.738205173973109
41.687738696329575,21.51963877208408
49.027331789343215,28.655247367919394
28.974270272673976,18.276423637040338
43.041886750698374,17.01606113998826
30.09599675712012,26.944898417109535
54.766780692885654,15.910471620918276
46.712471119888534,15.428130841281643
42.7300705360404,24.578355481189273
45.87237830117584,15.03383708762971
21.022708607663247,23.377148343864324
50.12032244884719,9.698034133652778
40.2685860983845,16.647196520098987
20.780870347164687,18.838996886567124
37.89850356515056,26.117613766268402
42.0321167281091,17.45678563420112
29.44492967483619,20.652100525519714
30.629239611032265,17.84101595640551
42.60334176284176,19.28873489734213
32.283976292852245,13.314254808001483
19.483300328565353,19.10507028883661
28.751705706127098,15.574906237659041
30.88974993761314,13.185745830954655
49.37021419486041,14.715074053405427
30.77873295833733,20.28933688650408
18.038144772248693,19.818504036736066
40.95069320423285,17.41395212727999
30.75641775778727,24.38416044171906
45.47935314034906,25.169438667141215
46.83665452987587,21.638649373250622
31.130181497362496,20.36665819821134
25.52768565404731,20.87132008077992
31.691290563730632,23.862331917203676
48.93101551288533,26.882992263731392
45.2229115347729,20.064242593776154
14.680663053032152,21.20468396067062
31.87606710886996,14.57654575349639
14.65676934117312,20.201371345562354
45.241234520788346,25.874311500558235
29.533391171008013,21.82649873324145
31.31849755865003,22.66265621896134
32.73395541735899,13.69810930107699
32.41430347550559,14.774443154211937
45.90078429608128,20.136350124928633
22.610700948575293,19.7106897773118
34.3844385425037,15.480053864632175
45.947419226695914,21.140551387997853
24.348875662044293,23.160954884222257
28.250384590976978,26.291772816344675
40.3323723059235,17.758928355979933
21.113812551926785,15.260826273620825
17.652641090774225,22.269320933024296
53.2191963740711,18.263506865195808
34.369761228086844,18.51636071263068
31.25110333849606,28.203871087739806
37.32118973864891,18.747643511500947
41.88694980771203,13.376485147520285
53.00933261581531,16.142211893203246
26.616454302078985,17.286007440071806
34.268495960052505,20.72381874845251
34.30191192579706,16.693543064995396
29.466706102871814,17.974030269865665
41.11995840252828,25.064413219072513
47.81389178314996,20.070217362310263
29.45711549128299,17.846402633499356
37.37006230572369,15.928750736213768
21.969029415464327,23.45970108443357
38.314993579283424,22.27592800697385
20.30964479698379,23.28806723717657
9.574380528802834,17.309431838805395
24.229541637030383,21.758432433897337
23.515138168462727,8.464773563987519
40.21359738104887,21.34721821030428
33.90801010760334,18.519115017406108
46.911965279883205,20.776993740238588
31.983317560212587,16.869455748099792
36.54896765473899,20.69616270605775
11.761167845425025,18.450370440412946
32.36981912971014,20.141006382933107
36.83127769332272,20.61987687681858
33.84837559539192,27.13756258646601
22.159137267491744,18.937483464203964
25.835172290725474,16.595883692757205
15.480382466030102,21.847396473420268
35.57109106302226,19.534982721943145
54.01689931924301,26.34908480157047
44.174413085083266,23.47774494544546
29.641415856258092,26.34097309395539
50.155243757567696,20.336612361594568
45.321880347782454,19.36343931685628
31.23519369063148,18.586274127735606
37.90568746248491,20.29728680046131
7.829011277683129,22.44490418316797
40.594170471217446,20.832085975014436
27.36224845100042,19.79199435036569
20.735347322986982,18.23472577629861
30.439152104945805,21.36332610305979
29.887359231116733,16.218407663094613
33.9215298788162,18.965394878683654
18.420150688008544,19.532550998474676
27.406079240883116,19.64174216560717
41.18439611485088,18.559983415067876
37.01245957297431,14.361514499917904
30.012944527758293,23.880325317601027
38.1716350476334,23.760013460695728
35.322199961070254,24.572785284719206
47.968527682296035,18.116955182741037
33.60411431521246,20.130818852609263
50.201792584939604,19.249761036012643
14.177282361303092,22.69487885504641
35.04047305884128,15.174602671462416
30.144005820267434,20.33683453716946
31.633158982358225,18.87287169981431
39.394813761283544,22.50098527644886
37.86795005201338,19.215922308313154
32.56759160513844,17.836951643733215
29.556125509436022,13.629947638424651
34.4500415379737,22.120104944396402
38.507209019124076,12.693684188548339
35.057094833773604,23.64534618776485
39.89536445745962,29.18626529097833
18.095932724662315,26.102496441080717
37.140986180319004,16.32486749776636
25.676201264648604,22.659407445611976
42.04765237650945,19.531596014584085
27.533822595551193,18.702423403131505
27.42576405206745,13.28583077989921
44.94778406276652,21.54042514311761
39.87123209239195,22.996021732308556
17.09581630869841,17.998045346754076
37.88722573444814,14.290307351797521
26.144322245629613,13.424771895286334
32.13766853443508,24.961216072226595
48.51965118360902,12.342403428493096
41.69431818517475,16.869268377738397
18.4899466624678,24.107130819170003
22.91662892116146,18.191537320691758
39.171080494050685,17.864683207472602
40.45441769032959,14.623517724806202
38.132093043711876,16.03502837290145
37.316427412250036,14.678225750479388
32.48302586557624,11.822489160387631
32.14395754815597,19.21715773027298
29.913295198993605,16.21670297816162
31.370799517397543,32.00703144813851
24.950136178542927,25.788550301871403
28.194358535325257,13.939714171600954
34.7130548622874,19.966255524052265
30.485018946130673,19.86849386528169
33.44106568894339,15.775280773876203
25.558357611589813,20.850319933434754
38.558227424799504,14.981800558216573
45.153365789317505,19.975747410825157
21.56923739126353,20.879467264959565
41.36257208271236,20.15817546495517
25.967149498619293,28.440245728390163
32.33531961213518,23.00411527527845
20.614148533693815,20.934981602053124
28.611016404397798,29.24669902318395
15.684465403666033,18.990487868056974
46.5197142550311,19.380446772160028
43.86351502317433,23.31256276375357
43.23805034599654,16.75166277324056
23.761663666459803,22.489351040685527
15.93321743326073,15.617827112464001
39.27726577971612,24.769548073606323
33.43168321110552,19.89037022372339
25.006158516202817,19.598153959979033
33.059742853764504,26.643830155252758
24.915205566329885,20.391615191884945
42.34536298194503,25.097207911004695
12.7894568720804,21.28572283257976
38.74243914200314,16.154492140584583
36.877329689394074,22.247886933379167
20.855650924501596,15.96704542738912
26.39184914823793,23.24770528252285
34.626816178099475,20.060792149500045
39.19384821005278,15.754613315075169
37.21064361418506,22.161067336033227
22.62268094744939,22.911816373932396
47.934916331034906,22.5649683972996
31.13076180533183,23.20173896337138
32.50380756503154,19.244061987999906
39.61357215018836,21.098583177837913
34.76104411722671,20.303482217119925
40.776884948346456,25.52394675955544
38.966442888307064,21.349179720024523
32.03386821118307,17.070530002938433
35.06714829620191,17.70556676678562
33.17147076161359,22.108022166824234
48.846024461241065,18.51422611822501
28.86020688504863,16.072330742500725
39.215978957893164,17.266258673979316
40.738212174634086,17.112153343752233
28.437718008986046,20.613020402597677
33.02417418445714,19.570844431690823
44.99531198718533,24.414880916198552
24.03221829241643,22.727434712654205
39.382681332650634,24.27540696895627
50.30241339360903,18.18322669896951
51.30737207319328,23.5038866118689
37.79061365888926,21.327207562008645
47.896779379765995,22.699806655261025
18.646831741028926,20.348688928493218
51.98219382964464,18.000396877578275
35.11603715603943,16.620614605385253
42.19417262704994,16.75808752056774
41.79524982300602,20.125281995092408
48.39649401404609,22.05203027304544
43.395765492528355,25.24846757689249
9.554232875734671,18.979100013915
44.083556497968516,21.29413984672508
37.40918403104247,16.291561688194637
35.52612403605581,20.89411040934011
29.58222118475388,16.893993572620946
35.46367456218542,21.36073791411126
27.23148814275216,23.99635519083673
33.16276335469965,17.580468759900057
37.41636319038098,17.98563813295466
30.044595234922607,16.772255951748
29.489138462416008,22.412102879852355
41.461421561883824,19.65267314165079
38.03282781485491,16.521733795098523
28.66329299936457,20.832118566393042
39.29927335337001,20.153413467742077
32.51880712842898,19.97395744807799
22.536761292231425,25.208270036793074
36.11121583478589,20.073596435911433
24.697089449490882,28.348299764649532
38.48046406276797,26.9266581898873
43.43117202020257,30.172458103543015
37.02942424962991,22.25537075569209
35.56896106959904,17.782382850605778
27.495361275475148,19.561596740809236
45.127043086733615,11.889311684464753
45.9439731564214,21.96758489952192
50.49646622412361,20.13702264977141
38.54899871524424,23.848953910864587
38.96188031430994,23.448944074640664
19.926130651282765,15.808051076444372
24.34129384164366,21.256312706682714
23.58302818207621,20.24208566725902
28.03498203632075,20.559976604295784
21.366263785826995,20.859109583946704
39.45329035689625,16.782472413501775
31.62251104096982,16.660031956488353
26.748814089616005,23.955669283211897
32.67913420785564,24.29088233128074
38.30975376538223,18.92725629555664
34.060564965990146,23.195337905708435
35.46053807765337,16.97373757208666
31.981581398853173,21.71516070350846
45.373990708958075,15.610847063726702
33.711691428367416,22.994453926152435
38.01913594081869,19.291639961244304
39.07886925568365,18.377699508416214
43.414964585467715,21.761422998902127
33.49941187949442,22.154059460390744
31.356024037239987,19.25683515947265
31.616463545685363,24.387289004029995
33.262580292676404,19.965251732736746
50.78391231970077,17.649960715105713
28.563671203725495,21.351018773863384
34.539092555241155,18.486594438135466
37.87042942734719,15.309588246249454
46.33766648646567,9.599828038646056
25.426051238718195,24.42973149820458
39.06001884737959,20.712828998572583
21.55058298413909,18.995975872060683
12.657430136332318,24.081871929107102
18.14669672083573,27.50518807080797
26.15000584767413,12.32319682127019
42.40908431602192,23.008747602495095
40.54101978450721,11.079314965763881
44.53537963648378,18.450965882199412
33.59763000656645,22.390259387530122
41.13246162295826,23.010773448797302
56.354528525426716,25.410584590419433
33.08434583300105,16.233840268882986
33.140187120790074,15.079492109251749
36.0093315527737,21.59573286334398
39.59510760502131,16.738866977883575
49.043891048297695,26.117761415578034
37.02848592244224,9.963461568718259
50.68096766430281,26.397741169941064
36.725905466596785,21.033169811330666
43.00090255553981,21.754025330312835
20.373880040835104,25.09273859413302
30.03882218773962,20.01305160701358
35.284438539241705,15.24304711823073
32.45130573817553,18.190762222064276
18.748379503656007,16.824794776731842
29.712451405319058,21.09961008994049
52.10999780676063,20.10256984053479
30.934727032726364,21.67042917319177
32.585535772283436,17.133959760992784
47.76143953247769,26.243950567946065
16.86011440842561,20.922324727276354
23.826703293616937,23.641753856078466
27.65292726555647,21.263114871098125
23.164556061124408,19.238786946652972
23.536136120051122,22.79924997679541
30.81114462540322,27.991368556416774
20.86289155837548,19.197650420591636
35.338248145057854,16.025653922549267
41.04706685065885,25.72919435214588
29.882988077135366,13.257818257032081
48.13803331191052,23.57309451860275
32.55983471204112,16.09255251938211
21.173720993971372,18.017822978547287
48.36416348669576,18.412928706864992
32.84974097387017,17.002184810362365
26.490095650208495,23.295791906691996
32.968792702978575,23.72015113587416
29.685135049538815,13.915978954803855
40.798126996263505,20.225788759398476
26.71982508110302,25.68569638759959
33.80038633451772,17.50685834986316
12.02470909758106,21.26803948738786
24.746921455227707,22.83708582866609
44.234998578922905,21.62936363134645
30.104638925044384,13.584134458470624
29.216226976647466,21.994215367041697
35.88996627886464,20.417030695521582
24.23090402780783,16.656432773908456
31.30205799400389,16.582245222351943
34.26413202128019,18.837689512399734
34.13583964699978,27.882589503792342
40.12806163274499,20.856223500800255
33.03789836374902,22.796944257063778
43.14492563586566,17.388142749534484
22.65483733796708,25.01440898980036
31.33515891771711,21.728513311172616
33.18468718546855,20.58553451366343
30.27856044619524,15.487781915987192
39.95733380968432,17.706249672480304
38.854026889432525,17.075415873052084
30.640398734427556,18.265302712174222
44.106984260708494,16.3309079130198
17.988147229088433,20.714032650180734
41.39366474299199,17.881426087096326
34.006204330146154,16.154121701731405
29.462072443381636,21.795098890520656
27.59159000484859,10.172675717054119
37.41024682487211,12.953921456105899
32.914104765708814,17.967217531864986
36.121001252325954,25.984661288297342
52.22948984793472,21.631347712198924
22.82656604159566,16.349482868805158
34.46161130823992,19.457180338622436
37.83317357300536,17.708740277522367
29.965629239337822,21.839779307342162
47.82795973278543,14.576366382724897
40.258069795869275,21.47091980002039
26.73792538091707,15.092868940941468
26.659405735290257,20.178457196386745
40.48997708776062,20.906120566085303
43.62568392452737,23.420828574329498
53.649388586586,17.393242231518304
33.98259573455911,11.706520218116788
31.78710841152349,21.885246357604643
36.51471572108056,17.855308820691207
30.65633568847293,20.969078711567736
30.857675541777382,23.43246016518814
34.10205282845631,21.639582128644346
33.42800980418295,21.138981626284846
34.32758963425846,18.987949275430445
22.965300940479224,21.898881212254505
21.98252722416045,25.855027975627152
34.81409886848468,15.142292996681203
29.033084378730663,17.668459140270365
31.579623199692048,21.631886096082717
20.478982268787654,21.814770839116004
16.211786998043053,26.719950468430387
34.38700340169564,23.266562376871796
34.32244692464582,19.952424269109873
28.97052806552003,23.636052594791146
36.09227715679526,25.061127894859123
49.97376354523961,23.283073743846135
11.484433247032605,18.215286503783723
38.418459558975556,19.156544947544322
20.250444427260454,24.85836820377736
53.56658003448682,17.913674537227408
34.60667082213943,27.382856817840462
30.99485138835525,21.02696618039082
42.46691073384339,15.952964718694634
11.661231826750763,16.96102768244305
47.69545768600058,23.038755780096466
39.52870055699762,14.504756830548114
48.06039208643316,14.463506963246115
32.18858168303862,20.841445084674884
32.32150321933278,20.78941992663465
39.94190005997905,29.499736082712033
30.43266627741803,23.833290418998416
33.70250697669442,19.705813695207183
37.030784152712386,13.927017244809228
31.822134216731357,20.477383686544897
29.279118730506774,22.560488639625504
10.065263690507086,19.452097771588804
23.004916716898528,13.239536443364681
24.57178963778754,26.985071490639235
20.38336155325984,22.391042219936196
41.76853121192818,23.13054956527862
35.530112080502604,28.582366746331477
27.825635909871334,17.388272760596948
34.71384944011629,19.712396244822138
37.13861127250409,22.767542583769895
31.733586753508483,24.43994222843897
46.455794668786794,17.03582834983572
16.53812831135817,21.91127410893494
31.06884474019929,16.12791910647104
45.3512655967793,17.672779607264427
46.104458254169415,11.459826432597218
43.2670464579125,22.78700248094311
50.46468152667584,27.779388919169783
36.59655064047484,19.631202061393687
20.333533676939616,24.224392031050343
55.7152325098147,14.943481898931967
25.202710427274862,16.17004881049381
22.443176066054672,16.75369457170747
35.61820624602477,25.645106182229352
33.886334315864076,23.998117684394746
55.98255478034552,28.042606172718735
28.99074357775286,23.830264705239227
40.05565244419293,17.494318319516047
22.24638936704576,14.990278440998509
44.594947910006404,25.395858027802184
44.12656642605893,14.425285362211959
46.0434442704217,19.333447659569195
20.40477884078139,21.05232333469636
38.701374786386296,24.842156755842634
15.751459632444774,29.0707757450954
46.003997451199936,12.704752575567268
35.67301575634737,23.284371342380112
13.993052708374647,23.438599587024637
32.59819806914693,17.191772709015325
32.63823089339502,29.58580398895969
44.2175771667974,21.31109017363697
17.28919137897175,18.089188358394523
40.79246146365195,17.44479886032146
39.230776160622995,15.701767833553031
35.916313471784306,21.938128026957248
49.69895276237917,19.227004900619278
30.80218972074307,23.974401859932037
12.242167250459135,23.709700598917266
35.563620665893836,17.725144352548398
28.90245434184751,24.467293329078196
35.21086029192728,13.52784192571776
26.992318228709934,16.75422051657523
44.16899420708585,19.401353514607365
43.49976906582128,22.97700383288266
35.33674294751294,21.59365939440572
30.655460570878326,18.64276727277462
25.962620960632897,17.942830356016476
45.41845519913383,26.170734507100434
37.60094179174026,16.498791171507573
42.92085943753481,23.099744887751257
41.2629008446828,16.728643479516847
28.851700834667593,29.82881022815187
47.073480451413445,14.219906680897898
45.998033344010025,16.720562223343716
40.278168315107706,23.114802152769045
46.0284829595582,15.660791173134726
28.7797980830427,18.310130517970837
39.95309155030129,23.5807677443115
27.570094451980975,22.66064391845229
31.025678049734267,22.884037248356705
34.29826017468713,19.889973534704318
59.445872660039235,18.279046808911673
25.34534780559874,18.110613698238787
35.47172843545036,21.32035568786475
42.84558398013052,10.778751967940588
21.283518846714994,21.34750949483229
16.206952561159742,21.242906108813905
39.80275213117012,13.752985698514776
19.579982115476483,22.0291816563756
55.441992818096324,20.642975234651317
38.69720832792836,19.04888719542371
16.38670534857964,22.056949380339944
41.45558790841561,23.513889067052347
13.470963789127346,26.30295961312354
25.28475023103162,21.52775511835138
13.219574361413319,14.85767099921759
32.45908900636683,20.02584217483799
40.73991385910655,21.94594234862825
11.278796090602887,19.139504796339615
45.2161594517524,15.766246964308397
48.95418004331344,19.01447427555356
39.33184351388675,25.094898289925133
54.711137408770675,25.091021873234126
26.480927915099524,19.204848878830887
24.30560358333165,18.122003387624407
38.36256218508552,16.664093375812868
33.9088640973313,19.92899451193818
48.34730590244035,22.33151752316079
36.10700715723063,17.14880874054517
41.00145729752585,24.59029782929981
42.10051714718964,16.047934428398868
33.81493770684358,15.395865698850958
36.381863911960124,20.573430296415573
30.221641181295304,22.159204523930814
21.38457611668343,26.466750192182467
28.701580769613805,26.382655513983032
34.18902300550005,18.648876660602454
32.05830298622999,22.59127124046148
27.619306428677223,21.940595890955827
41.891922301527835,19.754768614784062
23.96986408830106,20.27376790870967
34.15655127018686,16.995205149228248
35.08652764395285,17.134079474337838
40.39779068816135,16.66050277258051
27.027231601673478,19.845561781720303
34.024078517398834,22.726565584291905
37.789712360131816,25.926442978794462
25.153649210438534,24.250687179203997
13.460447099185966,20.456776213384728
22.203453122150528,24.16630020273255
35.958299864340894,20.36646614248672
46.70062276943082,20.05051591935091
47.834370298213564,22.99823898611837
43.67839849073377,17.363321106713464
27.19792102587693,8.286349899914983
16.08121277631697,27.79307481335366
26.71658113648711,25.809860519868483
49.06513044107994,22.096464358393266
19.423658838836943,21.899573553027754
29.061364386855004,24.00666509952805
25.113873333101175,16.546149973494707
33.09767263892641,17.12663374157626
31.600260045515654,11.821528011619709
39.29131811915754,16.97873894293934
18.993781097760113,23.738921993751646
32.291540505732804,13.436110494524979
44.38062528325051,26.087978963620294
11.696110167559139,22.029058968288034
60.479025398273066,17.87158856396412
28.725620696407816,19.18566786681936
28.701615965595124,12.715888363674217
52.239115103432425,26.68720123939641
23.207344455881678,22.93935288499968
39.213658949850384,23.629712852060877
43.450409451178764,18.928897910746315
41.46017302053143,23.10463038819237
40.49034021483538,22.67721462843611
40.943498233157385,23.140844319462914
39.84765162066939,28.534443317429854
45.66701130071913,21.571868620246537
27.674128461296572,13.952016669971886
37.326722623517355,22.859203590518895
28.671778039639477,18.93653247075746
33.62522697572915,14.70048898570192
19.159836222661383,27.727125904422458
18.32140935845152,20.258950123174166
30.043667639069042,25.635940361850455
42.16618997587806,23.242398780324393
20.525403574560976,15.912781061786838
43.004032514652195,21.12810542522138
47.16846063919057,17.182466651901404
26.953903077771674,20.631762850180994
42.09079876207343,20.454170973320544
17.362584496409752,20.216447981229777
19.69976632799004,26.845434720170793
38.476968824698424,23.03061221149725
36.91768837236013,11.235264235419983
46.765095382788466,23.41246768164642
29.32820717078593,22.85513348175607
29.874956140109017,19.20162403132597
36.93100632931606,23.623896997905327
47.241892628591565,17.60760209555825
29.286807263799524,22.40361361370463
28.200903257647987,13.683369596107609
54.87984927398142,17.687057083335667
21.58456859233237,15.469181382444502
35.53172731303042,21.577013284911295
27.33397386777826,20.86348264592968
30.736255919057818,29.931137085092235
29.052792693562104,11.929949779549965
29.28128935246872,19.273038723681523
37.48472603199262,18.21727273172163
42.65299165054247,15.789818785696543
40.309827247095,26.5798291427898
44.49362942321746,17.154022301398115
35.056718182488844,15.128662073577637
33.20136673992281,21.77979419845053
32.35082477329648,19.43970872715337
30.65934546440129,18.468982061924905
28.059932684561318,19.83563183094892
17.23502526674454,20.203442072588324
49.55063120038084,18.97562726295205
35.707941866504015,18.427413047523835
40.36120473739111,16.413619118490722
33.920220250733614,22.73820008690157
45.86233425053153,26.00864816854945
31.50122486727458,18.59188556651181
43.334438789933195,22.313461192430708
27.200860737142936,22.110424870876994
38.79870333232732,20.752660165825347
27.20117328960231,18.960646874597565
47.41125866132362,15.01707151327546
44.917544144695306,23.348145452490478
20.757820911039815,22.188247474810947
38.91880405403317,23.28904800295738
38.31882414328111,21.256719569169874
17.446358936953075,17.009192108643887
42.600856324568554,24.095551520122548
53.23650147810621,14.392208127156401
55.11237720373671,19.540128979636012
43.753334584939765,26.137518597017944
25.850474622064212,19.900573374640093
41.681844475887935,11.795746169478575
40.56073201118396,19.351901782891566
29.872062668839796,17.469308679677436
23.364738005460108,15.638435765682448
45.014318735337305,26.75887980227327
38.94567472892049,20.823119194648385
25.99623508524975,21.808402887108905
24.46824207634088,16.39569017262836
26.439519784128063,16.941437807977
34.03370814228147,22.12679061981665
27.353938845878886,17.417692543137306
40.7021738886713,20.60189826362677
42.20269969796488,23.208274669157383
29.517320947332855,22.85421737093145
28.034521993021222,20.279687367540575
47.505870778015435,18.567294308449025
45.544689006055506,24.442030566576676
32.78225403102345,22.141800360473
53.86857294373823,18.999316024927914
20.482676260332127,21.736453346241376
43.67850639187295,12.624539532414667
49.21654155923053,22.30040547324176
36.336454277466736,17.931962574024272
31.443640433537247,19.511881734214754
30.572566424579943,18.47557534532551
36.30098810362069,21.315916080810226
37.650566584065075,21.69168123575468
38.63937810560415,20.836529344360827
60.442141925904,13.66750365753928
31.42032699263446,23.16616145730506
27.148200317717695,21.04545292163946
55.46375664436305,25.931908764509473
34.96765872389499,19.42902788292939
19.981114215469702,19.044132251833688
34.37036080310119,24.553749621796708
36.5417313974982,18.763243739599417
33.29977424970729,12.256573790366193
9.447836438677648,23.784457257949178
11.930556257031002,15.193559710215913
53.34253857800656,26.817130853115795
41.58772878852423,24.80101255426387
36.85809455797176,14.674621634438601
42.38232220597659,26.325354099534955
53.374999603124074,22.77897278907434
38.21314990906472,24.742764236824865
39.22140180396333,17.798951464390022
49.46260951518871,24.590068366618727
38.592166940666374,22.905717857224467
37.959893539719594,22.509325880610472
38.85771340910401,17.108539189003576
42.43268820198953,16.747656947499884
31.99024446262299,23.263307759916103
20.97994019477032,11.843777407419836
39.35514108397422,26.2353558190648
30.905400784930237,16.44990348600537
21.208236164774416,24.711932519915614
21.11752663111543,26.210721410057193
33.537944980218256,16.475142587534044
39.22885904774631,21.310759074556962
28.689201148322702,20.991759133978093
26.61169331274487,17.0638303626621
36.21211257602717,21.1862284586263
34.78688889729924,14.669209139942872
51.91636525232394,27.104642423753223
32.39920209869797,19.618072843143764
24.834917844803492,23.293241943351628
41.90726392280499,14.677239447017815
29.434481847079503,21.915597890317144
24.895364696327064,18.511279206561053
32.02012380696748,16.425432788276538
40.91178294785057,19.93230541798318
37.800912658301556,12.207256103359327
25.041427380234907,17.96989513835058
39.053203264339686,26.234850119508657
24.77048113497945,17.964853687987617
42.90176960342717,18.3328974881001
37.829361940420405,24.79645735827431
49.3533941403514,19.260617310871915
35.644435998228275,25.44996279303134
39.12236586933083,18.88071374787428
46.002027699952095,25.432334745220178
33.377751642137746,15.88687278400168
49.899584474937754,17.422639321531662
37.715598006617704,23.71671257591983
25.65554913436668,21.980377098318762
24.55379565055219,20.36840558575944
50.242560813081056,11.86606282112352
51.01542817213526,19.38154453045373
49.73799924244221,22.297220416080496
37.27292686541082,12.458959121071937
28.804681491194064,20.474614594867553
27.195907869684966,25.64552245311968
40.68911968481757,12.667558206913707
25.823912714929822,18.403529395035708
38.14748008064116,30.26900779583325
46.28615498049058,23.0328575279529
30.493869738836587,21.13146554982994
45.7694865042421,16.005690124562626
46.90198684761077,15.779748490003616
58.85428491087739,22.84711528919589
28.00645283325637,24.100371360818713
23.836701860338422,23.067294662564912
18.112800471651397,25.82814395723812
30.784286175174326,17.752499005061487
25.6243624657777,20.234703409958023
36.16904177224469,19.846193739785345
31.551932717619547,24.423668747858933
37.194459133578846,18.245340771796364
49.363136543121954,17.49343820156844
42.47242405855449,15.650456597460668
31.708295066205153,17.01719451672318
51.28185568239445,14.663487684362869
17.004164500264846,25.307203913826818
50.92889919926101,21.03192656590737
30.40188046571356,20.697141184971315
45.4491253590505,17.485001936994895
28.645924564483582,26.008523992784824
41.34747584593125,21.286977385983633
31.850563638006754,18.434550110986947
27.091436459928225,27.977618773171137
44.20489523641473,15.924868096313528
42.09436977537425,19.855694729467782
35.80599648517921,20.57027484004209
18.991404725898093,14.976337184095842
45.02635791255696,23.31023754200738
29.73285797007334,13.508340483740463
39.8900450151874,16.52544356829944
36.5927563742443,18.229439960512927
41.292007527113604,29.612548647856855
32.49970852508795,16.70548926711215
45.78385339824637,15.629647714925365
44.1096319294123,22.340339580290877
26.106668016386823,15.605747172323392
11.439194389167477,18.901006792993176
40.55216185833233,30.440528752461752
22.207770686173905,21.88394824912396
37.56651967013651,15.00261383869918
48.61502157864521,18.158700792671805
36.39697451545917,28.05365895559102
30.96880500997882,15.092507663643051
34.68211635958598,25.732518674570223
16.51272352479158,25.075633182829115
43.56783996881256,27.584970600388196
28.192359803716947,18.811397760948026
33.21028184355414,13.07172110268668
38.96150234603173,19.413124948887397
25.16754828112405,23.464840464222657
18.018811649290853,16.626010460793477
43.06173048807794,14.082083828546219
27.11605690363822,20.051538118489834
37.92515511735104,26.255528472654564
20.96259444796859,19.080697940426944
50.55189171371615,19.524497176563784
23.34848213526447,22.312888175367846
33.26415206885008,23.674376315119844
26.483684865581253,26.9967914457147
19.193092804500022,18.863118329573314
41.83338852135167,17.275200700037153
26.510327524504106,23.97041953639781
50.67521322012743,19.958506300550948
38.55125653003964,19.048842339882174
40.05147022603617,24.221710865228516
17.167081589554222,29.348466421886734
37.77716416868054,12.52281329144957
33.81297841451593,20.057819491646534
39.68408721978207,15.56180117824509
32.71821128927313,19.963950020041786
25.349683173887247,19.33795694382824
29.01866560827175,19.054737633598023
31.771473194623603,18.07253919708286
62.35856165134965,10.528699289403193
40.70096700129854,17.865273432507145
50.53696084903579,17.672079937456452
27.183908979756275,26.785546773188273
34.84950819129177,21.04038473720437
41.463900929450546,20.441791739484046
46.50948120189401,18.43616719955013
28.98776618385513,16.36985786127985
34.22884806896837,21.739613699045535
53.79046471626822,21.9377993063419
26.65928749052255,15.089537514203391
43.45208518812421,26.041018938904866
37.96765461468578,18.823003110887758
26.689649651831274,17.351146677922934
44.66093524479638,18.878644509786145
18.459049955367817,22.748426232295607
34.823139906836886,22.531611659036614
38.74666283360559,17.580211651067927
46.99578352550405,25.674629149697893
34.9244268536651,18.626378667049433
44.451410089448906,18.695743768589242
16.967432072696724,18.355567919667084
22.86303476727999,19.773545041274918
41.15163338072427,18.661576050029268
32.76136029407362,18.532650894651894
45.27876520625257,17.159433902326633
26.280192442927387,22.423908912864427
22.16885116893441,21.534250332235644
38.25722431774572,22.356531176464912
47.29429617776507,15.121204027416148
41.557813376854774,20.65404195769979
28.441089235419355,18.394223426128598
23.450923168797754,23.475371653729816
39.96985230197657,19.353425662336676
25.326905575092333,22.037862994091334
40.09114403285421,19.495618043354607
40.56499045478176,18.40901152180373
35.733468098634916,18.366703450463675
34.846769164596495,17.922160734411452
18.40267634679223,19.92283536021995
21.787155589131956,19.43070253542771
27.775682369301016,21.714540402538375
22.72221390509071,25.28790917302235
41.734541698449526,10.191970589845429
34.71945082605551,19.455033428118043
38.45296081542527,26.175867568297793
28.27132275591493,19.199890131079275
51.03142413101179,24.368731124960334
30.517101929906033,25.714343927378536
23.97591374482464,20.370767470691874
33.62736576226986,15.453617809133135
20.724456336052775,15.107002607587354
44.525189599125596,17.61071484524671
43.860259934315465,11.424576862458817
25.688143204408327,15.152286935775873
47.36757074611886,19.251417095283273
36.88309872394912,22.55700334663647
52.00161571589257,18.627494758211938
47.00033995259744,24.089351461684718
29.478727766538196,17.966399318031492
32.9211003462257,13.327283520514893
56.634551751399776,23.911464621224354
32.07265741344905,18.951147999522046
58.92218076596051,16.6106748931226
49.91936216869446,17.112886606792785
36.670984487441544,26.857851004749698
18.9199066147331,20.72404006364966
32.19288905677206,20.42163066257094
40.4963441470196,21.508874079588583
35.08381632260542,23.409580686613978
25.309605160863818,22.86951753797404
22.118002665414114,14.281425871791612
28.206922475178484,18.97244423078559
16.378719475898787,18.28476657282301
41.124187003207396,20.68286703406114
19.55503109651639,21.243664912447674
32.83788099015036,31.56829880315638
35.40076581700904,21.584585229759355
36.921054032930556,19.378604785833332
42.05813135288277,29.466633731427486
31.556904358100272,23.612834117461684
23.154753198638865,14.832623475552385
53.379203392168954,17.195515816847173
32.94600097399264,21.211682480658464
28.20009300203374,19.60077953725463
16.87015368393184,20.885880522480853
28.118731972828407,22.503058383918773
42.56932709051241,18.72321760306295
37.13482314556378,19.58605450567876
35.22381336197393,24.296343403692376
34.45476980617465,15.723528822829405
33.15249067456174,23.65523612028121
29.427234782192055,21.222948976058717
18.38277686961932,20.013556645344362
37.3859942863057,22.338302165804965
31.389501055417547,15.610223194357083
39.014430954101115,30.05740509046747
40.654091238489805,19.96510250607249
38.468688231155014,21.044248844508004
39.86781669071409,26.051925714233057
25.46209635957439,23.084708901901124
30.84351837335295,19.188039381233526
41.34559612120335,18.560880027444696
37.43110482533317,22.173570954033792
15.503045873704348,21.308458036725565
28.253747952337072,19.34541901225482
24.64962762803909,19.95050196043165
23.56650669788911,12.274724766321498
33.35360339792526,24.009775702702882
29.439600500923696,15.482842775292088
61.275919507285025,17.072104719538665
25.21393673409085,20.808898875442388
22.668866935300592,23.07251652193461
33.15109502173064,22.7186015538503
40.550465408677276,16.38544148441763
35.49960361842683,18.758362550931842
50.468811125804955,23.294480490458078
30.917472432141796,22.205843064233303
46.29873084435445,20.57620648420926
30.072161925898634,22.267757810054103
38.93585666879343,22.530900609107558
40.41833761261122,26.43066743004473
47.06977495748186,22.5012926731618
50.481204565031646,19.678382821385835
25.150858103427627,17.134574105193813
32.68480545033101,21.743501744554177
40.62420536823924,18.973464146375612
30.36692282002496,19.986918821547086
51.507047817385896,14.009342632829354
35.77697089479567,19.652859840909166
23.016887709509145,18.93202176352331
54.52392588337857,21.686319339979473
29.987183872582005,14.97451537152206
51.19298315056738,25.194978375953422
50.240712802525785,29.757049971782767
55.42709847191182,11.443995621554683
39.09865893029828,30.695434049403076
37.363860573158625,22.016562694610435
40.54522672297066,27.893798250578467
29.676177829199354,22.004494106972412
49.61168078957613,18.48527040963101
55.81603401762095,13.544322870463908
39.66950939718626,18.620314234908186
38.91310005327803,13.860531993734806
53.951266543699184,17.23446811716356
36.34221182361465,18.46560261644084
34.508280361504156,23.650231554016617
35.23822439356165,18.660092065206292
10.355407667144178,22.95815093927971
25.207603767848312,12.832394582762536
30.352940537094668,22.99822076785734
18.19831716064095,11.03464572205269
31.270541062817387,21.831586062853304
28.108562830533295,16.462618088366526
46.1386889586577,18.61093522069596
35.77122476317535,16.79968908667492
41.72669387667686,9.84332087008693
21.71682593139905,22.360786843564817
34.44705549465347,29.79845575996926
33.262313850814365,19.303571035116313
32.52396098299704,24.343372961834213
33.84034961208377,25.819536726968693
25.017362185936022,18.596166981059596
38.203333657174284,23.099410582361454
41.72618965471618,25.913853557786634
25.330245922286487,17.5968419371504
51.29943506523199,18.384309295550175
37.670756312128105,18.589455359190453
46.12992482169107,19.03298717787171
35.9130444524577,26.55469107742096
34.13181462370551,16.639006460761088
37.3750855977014,21.44180896186912
47.161122581172904,18.92095770108216
54.976538173993106,15.483557358047038
40.47395033572188,17.95477956431013
44.44479086293745,18.1845920325911
36.938889708248915,14.524344064427837
37.64679813676722,22.259903186738583
42.90883490847869,21.618388439723738
26.200966228881335,13.724984420257323
31.696276171893082,23.393284232799374
43.00361266101015,15.23517552233412
26.873414533409342,23.51503864091665
52.880899731967375,20.584278286429075
35.476804975667605,24.197518075488635
47.69212307028407,18.60309418419967
38.54707814417034,20.214101631849132
39.81341969903662,14.030508633795447
24.335466067188044,25.569524632573746
44.63745938365354,14.512003274406627
26.538780583788416,18.069864239037432
27.284598268116433,24.980684544198294
34.174270994980105,15.492694030490295
33.92730209236746,18.931166771165504
18.582562143540976,14.040853947368397
38.10595392743607,22.085359685617174
30.405600741247277,18.776527786969794
20.34248753070163,19.595778993476316
34.05863157347804,27.899515914978075
34.32848231559163,25.843741255615853
26.82023121008475,21.304723520528086
37.62016799783001,25.275797487316353
45.51966497419766,15.338143588999225
45.40549765481619,21.073931157574208
43.96000115513034,25.433034016175398
39.92528682938556,18.931845728002568
27.947384210572203,19.044542668845075
33.70841194056723,11.21382285229425
33.69117945407778,17.598725403018843
29.134270402441263,20.481485402414872
38.69039498845729,22.44817011442023
32.273205240514926,14.653665684193626
11.975879054566041,17.421685381015756
48.199312468220725,17.40878377543806
50.05990587899677,20.084568123676405
31.646708014837277,20.203654400584217
41.39558182850113,19.35232761845954
38.21015901787495,18.18416164956378
40.357725267788915,24.262714482166746
39.71823001235591,16.94986605638164
56.76579058278279,23.503821540217377
33.69793600726138,24.021143838375178
35.097503111503514,19.649880557919374
28.72154434537417,21.641335545515304
35.4879458969178,23.57225227318076
39.62151044812276,21.103831153690678
36.65042447297351,28.91832241682124
26.7597319621054,28.031447612784078
43.93709966164501,16.158954996035586
47.66750700212407,18.86703867992383
17.05162997376579,25.967396165388614
29.276179550730216,22.451571387472676
36.37732797351625,26.015783563052228
29.641804165182336,24.87852044575773
36.60477626631926,16.309469074317562
20.77877267269917,20.881627576385895
29.622147225823024,19.682591635192054
24.478583365660853,24.47361228424117
48.65473010031797,12.503928857784851
30.032606644241817,26.268371409926633
48.782245740091334,21.771305413926882
33.09117714010772,18.83928940214092
29.26041135363316,23.49443999162878
48.058403672529124,23.22933622520359
39.786596612620514,15.796441202375757
49.866769637032355,24.633268303420596
34.34771148958795,21.289776458071977
26.09267974230718,14.581832368772666
24.95710354651134,22.307830471343248
47.36925323125739,17.443658106167618
26.108564976258837,25.82704849271014
35.47511991653434,20.796208917260536
40.25060845464202,22.207403820667714
21.356373421541292,23.66934566995021
51.47281735824893,28.220841285855972
40.76006841118008,21.873122035504313
9.896713493267287,12.77341966620605
12.435576909007205,22.080971274265853
23.02495804131763,18.270380148470277
41.627697262678986,21.132100991077266
41.240260586692116,19.42119829986217
30.961326969003863,24.89088016158259
24.369563307413475,21.839007532588305
41.72213753715714,17.38454007669544
43.93439634487959,18.67984307374875
31.550867301742464,26.921529491317393
26.3380215050966,20.656630384481208
30.984759381149676,13.55619894586441
55.80451553080048,19.328107825228216
35.19509772085887,15.794859963577702
27.976961559147593,16.929017989917494
30.45622144730841,15.218290216790031
34.95347535081077,19.315066655278954
47.013070562646625,13.655966490206339
34.88275345810865,16.668881722382096
35.71018500524233,20.95000024099571
41.44864395471576,23.516266709300844
17.57964211983736,25.089028848383748
41.621457219297014,17.903540251506193
41.39720413130892,18.711689442339996
54.06564543956662,17.81858676437996
22.071582113128517,18.94216614446318
37.77720026849223,18.84170995443845
32.99729999973496,12.108274064623139
22.92397707504771,17.780739081457583
30.571956741253096,16.710440504520893
37.06780889461077,14.787851349219311
23.60674101444117,20.893710438355434
23.038077833514897,26.27079175536138
27.772264703318022,15.669283224950526
16.08809412643194,20.634973019196778
55.57187543759143,20.481329493099608
46.02185221368636,25.79016797754688
34.1974732531216,19.373911012423086
50.5493853165485,16.733748742597914
51.029648263824605,19.657495590604576
38.038052554727315,22.764873735003473
28.192478360209606,21.1160382319108
22.808603566678443,21.96794204387757
43.21397276692607,23.258689447744686
45.63217901191829,14.51155942826298
39.95745246657052,18.356026018241472
51.84948130383706,14.750894082487605
40.54720704497629,22.07767578292936
33.59233380809148,20.79438138721607
47.462665380888765,14.385580163797508
36.94814176422552,18.77277441133412
34.12122672962761,20.546817600289632
38.51094309737559,11.12228967368368
30.056557153964803,24.37862409045727
51.02686462387905,22.68719373559916
28.980372468983745,19.59134287744851
49.41556015035253,23.498331916968226
14.314862562056224,18.765391839294775
48.55762824486881,13.386994315297033
34.80999500726374,13.503227219095205
32.96245015237923,17.309275340796994
23.226191285611716,9.128311527744142
34.605644189008515,23.3164982613102
25.784389903316942,15.136870110108507
39.7099043295371,17.567371076662553
27.02976242714663,31.335597113755092
48.28096811211188,16.81092798899422
24.609078014055363,14.895863190552895
29.588382930387287,28.546875668935744
43.74844240822671,21.831862208319254
46.97938253058929,21.362532421196846
28.224328296659515,9.122760460855842
13.512543509255169,26.454722427849582
20.313774776386875,20.322318499340327
33.60628212776006,18.753343238556667
61.46348876162005,21.764348699386055
19.35660844137977,17.643810367239304
24.433359974330614,18.511957233810193
27.378497452794065,22.123399621984703
36.93486679665049,17.696415005115917
25.112408371097214,9.473463286637354
48.9005547252133,17.236357787881538
20.25572111894685,19.535919090632042
34.613485742723256,19.391555787340188
26.416756284910996,13.955226700473357
49.10004686613475,11.96800087278326
35.052396562884454,25.004328881004046
38.62301184036832,21.572866894385292
40.71369504448858,13.785675965910084
43.84790983070089,18.60256792047889
33.794096686028965,17.115889201916943
55.310398919481216,22.65182625967283
18.333323160632165,20.19995514653793
42.48370256339473,18.884040112494773
37.21408473870517,18.395015134205103
33.604105985948046,22.589868530606882
31.175148995341665,18.438520415294253
52.58672094186761,24.905770792640595
32.97601321477539,14.787360307552966
37.309999276075445,14.652287547434568
41.44984649752297,18.817636754861805
36.87533763637136,20.36356018295595
50.59023999797634,26.751161595895525
49.53692315230646,25.059163552709784
39.641223113635064,17.091727052571546
45.0460922135095,21.83483785632628
30.893678967053788,20.787762103151856
34.43999681280925,25.67453969871842
29.417758346880703,19.795150654846516
30.216188938327335,18.914972814367076
16.265192486857725,16.859745637301515
25.870000078437407,16.493552141920567
57.155732296874476,16.54505699111273
36.177976261081824,17.87608954749468
45.69400115589439,17.608344602722568
16.79508644443042,25.141523527423608
34.71542686317956,22.39492453416223
59.05575557205901,21.204728524754653
20.15190005083985,20.219045643918715
36.0878285678519,27.335021347016408
30.61934292953371,13.033995401270225
37.252184239055254,19.53179971454086
31.013024034759596,25.43703567357565
39.07469099805564,19.422208213635706
24.906551261011963,26.884840491753344
26.326038008795653,14.915680509414775
24.926169963952255,28.1105720414617
21.76394665992291,25.620235019484753
29.02691791730627,17.940709906684866
30.479420650358005,18.744009817208486
33.68819801558196,14.211510354355614
41.81468770035309,27.64545354558217
24.009685176722485,19.23785358217978
12.242389009485821,17.633612593707557
35.73528169051382,21.65462243530013
45.5458623055453,25.465265982125505
19.70571941420414,20.448036301855083
37.83698063565492,24.99958036504017
56.44840024160166,19.744729161184523
33.76560199577683,24.35022597070729
37.57280020873594,19.91039625912205
26.95342334989534,23.74162750786264
32.95604785848647,27.897935885418086
35.83289957104746,23.737722462115638
53.57639193141301,20.29940617515227
28.332153483693034,14.512902365998286
24.28788168442542,16.448162416925424
20.28940099815579,24.264006050596883
33.36774131817721,16.419573324784793
37.01727833196945,16.35363402745589
14.815595347250927,20.43404842924188
51.57425910666497,22.27868173730742
34.786443265181816,21.586121453126516
35.29329366685109,24.104806880833518
36.0020318036521,17.43040021098397
45.97658082623973,18.18045467463337
41.96764824157608,17.075680881489873
25.87425056437337,19.97586061906923
36.719675627603195,20.535165369251672
55.519359642048194,22.30064933908795
48.76744493159716,20.52224982423521
41.809342413917996,21.411212556803324
40.81499507476867,23.674499124658794
22.92500057351485,22.453584984060043
30.895474147440275,22.679879899531382
42.411461046692,24.7781752058607
44.45191490851432,20.554333444939402
23.152555520492736,24.273362546057093
32.30952306361688,19.541847376578446
47.68690954351724,20.634038010280413
42.46879000774561,21.883027699232393
43.550463540905234,17.825891680089804
23.381651137249172,15.246035414213182
30.683642930252418,13.163808401767119
35.35493026548302,21.772445314984253
22.777968059836674,21.894029552085893
42.577395472139784,17.89516152037345
37.728838166386524,15.20841585328257
41.753161788127414,19.32843172049916
34.79505018769566,18.15588493933202
35.72611762066549,19.905843814388483
42.25709017228566,13.274726950093662
19.66871920209429,20.63003200478053
40.72174114444293,17.58155990375686
33.08984556574413,13.42123463428356
31.25451797642925,16.963213004675495
31.49551551728122,23.038452508573684
32.72339122198135,12.416566342616775
41.57678599186138,28.098027980751375
37.19222703144315,20.381561474293818
32.71360033083992,16.582601696012286
19.276604188495014,20.579873781620982
22.90852989763301,24.14597926942119
26.254589346599644,17.05121226639683
38.170819874597264,14.91467055382156
29.402854370075403,17.980309210610997
46.53698535828145,9.577456767626371
40.467601348953686,17.184925959979303
41.0728956057753,17.99085692081973
14.853326102323845,20.629669424016278
36.95572573418774,20.101970069693852
32.5662871112408,21.446222079013
33.004519044032875,19.671802695165063
43.873376362252976,19.713718634078738
19.289003529392954,29.14167815911152
26.966116005783416,14.523638074945323
24.782011741154548,13.227636918637803
24.760175724568086,25.33540672277654
25.52788190474455,10.086416119997045
25.137628352023082,19.65933675394593
50.993251296778446,20.292450564117757
30.71919717681532,24.117060857480666
45.30367848402634,17.75698638862562
31.34910128612612,16.442477719360106
38.99863304099323,15.789940797278206
34.73289021242651,17.71740883694866
26.15605011873675,23.398257889931884
35.78170693582701,21.253734356221507
44.9201292917586,17.51855557427721
33.367862367986504,20.345390272753754
29.402863117746506,24.40869422198486
36.004104949000634,17.73345972105291
29.87528001743881,15.268226490464045
13.888664043688006,14.310241053954432
33.30416748033272,22.105882814186955
39.156390996676166,21.424341556571612
34.25046202185526,17.218443577828435
36.468534468028224,14.953728372372424
21.23207632588229,18.010684584707647
15.866498779264155,29.076795501566963
33.194033357778956,24.722901658877085
27.74142112624795,22.138117484298512
57.130679066305426,20.417911261182024
33.535812661312406,20.099812606345402
50.95387165788459,13.660771521946295
55.50034405838744,16.172340507526044
38.65714816539992,19.973556867539568
18.817788830620074,22.73122499538145
22.537797011260093,19.355461212328848
32.656899506751245,17.75999943111002
42.795377035305016,20.797159157932683
22.819272956287726,15.087686255658003
37.2837436413766,21.442231309409877
26.26618053072407,19.639390183486423
31.834001664571215,22.304834267099615
41.1198129908359,19.504210381657696
41.26474577018828,25.77228904000684
23.75497350653378,19.531100140462733
41.752533347355964,20.912460238259236
33.43764105478127,14.869515056159253
25.09302135619662,20.49165223045558
29.517453876189517,26.12969255379239
34.40522802616986,23.508213120019448
32.72164547209465,18.98603786593084
39.12577346579871,21.380338492325425
26.835088271796913,13.12942776099355
33.405232730128944,14.887083789557025
41.56375094630556,22.674081247983878
43.183621051507565,17.831127675521895
28.458538368261465,16.99742860908608
33.60363379307318,20.808594207747397
22.189759136101618,20.164103297100787
33.42816205626126,22.6109065886685
42.16956091928438,26.159982054502507
30.120137600805755,17.578475325630997
44.85537280442611,15.563570365146361
39.07004715425762,27.62099228130844
41.56305332450818,11.391428284498156
41.4276788569378,18.867798985867797
28.987204202224728,18.989570064866562
37.05454055366604,25.314103132424243
32.600396657071656,17.654725684362518
38.09533335795459,17.337543041763624
34.56040912440584,22.562983933278545
50.851402495000464,13.02802163063797
24.736154882852418,20.6980835541069
48.662556406677005,23.035594091305338
57.78364195745576,18.29600478081112
40.61990574643163,17.519534794301958
16.879775325629254,24.39961497165704
37.949000009577844,18.66066598576846
35.76304093958477,26.568118039317184
42.248312006005946,22.6371657304081
29.894952373584946,25.687032890998868
44.00799364632593,19.51218495393259
42.59165598410117,20.678746970455084
25.406325134053834,16.760910519753196
55.42167280940522,23.031891577996266
27.75388468614529,19.676157776501867
39.459500348072794,13.214741579154907
35.41065824353489,22.04970419434598
21.450494982131726,15.485126558530688
36.754446550564296,17.809455779843105
33.93365321488409,18.538897726797494
32.98037932975067,21.373703314741867
57.39927723568927,13.75623182790925
51.045371832861406,22.866047303165125
37.22343604569867,21.10765214693668
34.75949162028313,24.364390451227756
46.89404905031042,19.21623501201703
51.164181389220076,26.43849254598734
44.12913160117553,20.511512402694876
14.957769690894203,17.720965305139945
33.393735588906694,21.051559785690056
24.819545803525138,17.64946743683657
49.0185139153485,18.62706980084495
48.121098031066154,21.77018171808509
42.006160700361235,23.27212549739564
37.055320348789074,26.29318164143065
43.541028475133956,26.04674398713055
34.295657607104964,17.70040767969978
30.229783647868835,20.433381232316933
38.75029705122631,19.417992622200853
16.93625149836077,23.0617258214953
42.52724470996034,29.207914940269454
37.6155436193947,20.98228764329734
35.633282275223976,18.95633405584288
57.10551190377224,16.53204600582654
30.871108765474492,17.953259247128763
43.947769901801585,18.955884549887926
16.389802280313873,23.492458432104172
26.931675725052727,20.57427922992704
49.7853739939723,20.226527213006555
35.39937318341339,17.879348130784543
37.265103215768164,17.736389374734074
33.73232366691424,16.827696295924504
34.04293500230156,23.763387929574215
33.40982744715911,14.638060140133
23.468390041566423,17.28226557920093
47.74609402997289,12.341731587348772
32.67789615848638,17.371251053504295
58.045074362931295,23.056662700536602
35.547953787877475,20.585990858044887
31.704607626173875,23.713607393739082
23.982948422786237,13.522322653826397
44.16423502967447,18.96351167618399
30.696689005342606,18.722147552245804
36.256717323795385,19.935722695752546
46.64320342842475,19.186389832564377
45.26415833266589,19.14561625920667
50.217041875515775,20.421706078318593
28.90163792240289,21.50711674752537
20.959266804302633,17.633155635616816
30.115640932142718,19.319658069200763
46.97230438520194,21.260314926562344
34.60981252498319,18.45546357729436
39.309362686423086,13.592999699664547
35.4512843874537,24.896037537951898
30.942937611873262,15.2862176415407
29.142466358149676,17.87759096580348
40.4256680219253,17.64588380125611
33.982235688857486,22.033358648144137
42.20765294540255,20.22332241433299
36.46035338891681,20.962405555933536
27.134076768142926,14.48515081903496
24.885265826138102,18.390510375124563
22.34405905979628,20.579772140556518
33.33695634579014,20.841769587585517
30.574706541356683,16.962529591984037
25.824093047373076,19.865185157936764
42.21807906123216,22.682343709395607
16.66898944023861,22.426802227416772
32.64255004987246,15.439771763013887
37.70694913872019,18.056767783416234
39.95724407776996,16.874470775442603
29.432585200403466,22.66766275224357
39.265918202875724,17.664637932071045
27.375108141296586,19.37811921817
46.483599566731016,16.353637954913225
40.65813840271389,29.847382886777044
24.667151112522994,20.48589321558307
37.25608166432072,19.658840886524956
40.13231511410447,20.269735216802026
39.6631341222799,24.862135764347638
43.44526725842347,22.156234780715522
40.059596958722324,24.74262107404813
35.20681878914271,23.827929315939475
26.17862011136033,19.959719166389498
34.10218103955561,22.307418859627944
19.47715753967745,25.44839225270183
16.237742545252797,21.326125829271582
22.178686618630287,26.42231856829384
46.7036716845792,19.815568774760276
36.01967612896786,20.79804562745255
38.433455638909955,18.940099308472625
27.23557087092313,19.45929820555375
22.383690280287368,20.191512846164255
28.900925342894894,22.029222684219302
25.375239392510075,13.636175371614113
27.00859144097756,20.12931317228623
38.663466434416826,22.94223950511362
47.571279810429495,19.73714488588363
44.55680594804569,20.96539664096285
37.42882762785422,12.454685007230816
44.36144614349726,24.390642026216668
37.15528616213534,22.20821696772594
43.36100934758585,15.517435976586917
31.328337841806018,17.40851033503682
38.82788306653121,22.426913946075935
38.37619892950812,23.432639134639977
20.439343099449655,17.954099166853005
51.657246497440696,22.606030607395684
15.196804905176805,19.506861587053194
